ProductID,SKU,ProductName,Category,Subcategory,Brand,CostPrice,MSRP,LaunchDate,DiscontinuedDate
P-00001,AC-171,Urban Jacket ,Accessories,Hats,,274.64,408.05,2022-12-16,
P-00002,AP-430,Classic Hoodie ,Apparel,T-Shirts,,97.69,285.96,2023-04-03,
P-00003,AP-763,URBAN SOCKS,Apparel,Pants,NordicStyle,30.0,120.86,2023-08-26,
P-00004,AP-591,Pro Runner ,Apparel,Jackets,ScandiWear,166.91,336.61,2023-08-10,
P-00005,AP-575,PRO BELT,Apparel,T-Shirts,ArcticGear,222.44,321.1,2023-02-17,
P-00006,AC-666,CLASSIC BAG,Accessories,Socks,NordicStyle,244.43,302.27,2023-08-30,
P-00007,AP-746,Classic Jacket,Apparel,Jackets,ArcticGear,217.31,409.98,2023-07-04,
P-00008,AC-997,Pro Belt ,Accessories,Belts,NordicStyle,153.97,417.66,2022-10-23,
P-00009,AC-527,Urban socks,Accessories,Belts,,153.81,526.08,2023-11-29,
P-00010,AP-180,URBAN TEE,Apparel,T-Shirts,NordicStyle,161.3,310.64,2023-03-25,
P-00011,AP-489,Urban socks,Apparel,Jackets,ArcticGear,310.48,313.98,2022-09-02,
P-00012,AP-501,Light bag,Apparel,Hoodies,ArcticGear,255.53,272.74,2023-03-10,
P-00013,FO-370,City Socks,Footwear,Sneakers,NordicStyle,244.05,499.86,2023-07-01,
P-00014,AP-848,City hoodie,Apparel,Pants,ArcticGear,207.28,321.15,2023-03-27,
P-00015,AC-316,LIGHT HOODIE,Accessories,Bags,ScandiWear,305.11,390.53,2023-10-15,
P-00016,AP-256,TRAIL TEE,Apparel,Hoodies,NordicFoot,257.8,319.36,2022-10-11,
P-00017,AC-518,Warm Jacket ,Accessories,Hats,NordicFoot,284.03,540.56,2023-02-10,
P-00018,AC-939,City belt,Accessories,Bags,ScandiWear,127.69,240.58,2023-01-13,2024-02-17
P-00019,FO-673,City Hoodie,Footwear,Sneakers,NordicStyle,121.4,257.96,2023-10-12,
P-00020,AC-825,Light Socks ,Accessories,Belts,,349.77,391.99,2023-08-26,
P-00021,FO-561,WARM JACKET,Footwear,Sandals,ScandiWear,212.08,482.5,2022-12-10,
P-00022,FO-497,Classic Jacket ,Footwear,Boots,NordicStyle,271.46,509.79,2023-05-13,
P-00023,AC-957,Classic Hoodie,Accessories,Belts,NordicStyle,590.95,630.5,2022-09-15,
P-00024,FO-195,Pro Socks ,Footwear,Sneakers,,229.58,343.7,2022-10-22,
P-00025,AC-848,Warm Hat ,Accessories,Socks,ArcticGear,133.97,334.84,2023-04-19,
P-00026,FO-259,Warm Tee,Footwear,Boots,ScandiWear,63.95,236.79,2022-09-13,
P-00027,AP-677,City Socks ,Apparel,Hoodies,ScandiWear,398.52,647.37,2023-06-11,
P-00028,FO-895,Trail Hoodie,Footwear,Sneakers,,58.63,315.75,2023-01-12,
P-00029,AP-430,Urban hat,Apparel,Hoodies,ArcticGear,161.73,373.32,2023-06-13,
P-00030,AP-289,Trail bag,Apparel,T-Shirts,,134.86,241.69,2023-04-19,
P-00031,AC-732,Urban Bag ,Accessories,Belts,,191.77,297.63,2023-11-20,
P-00032,AC-809,Classic tee,Accessories,Hats,,252.57,433.9,2023-08-25,
P-00033,AP-324,Warm Runner,Apparel,T-Shirts,NordicFoot,30.0,221.46,2023-02-12,
P-00034,FO-473,Urban Tee,Footwear,Sandals,,182.3,236.03,2023-07-12,
P-00035,AC-212,Urban Belt ,Accessories,Hats,NordicFoot,253.15,278.17,2023-02-27,
P-00036,AC-609,Pro Hoodie,Accessories,Socks,,218.3,365.01,2023-05-26,
P-00037,AP-724,City Bag ,Apparel,Hoodies,NordicStyle,339.54,610.14,2022-12-10,
P-00038,AP-835,Trail Bag,Apparel,Hoodies,,212.92,404.31,2023-08-09,
P-00039,FO-152,Urban Bag,Footwear,Sneakers,,198.84,385.03,2023-01-08,
P-00040,AP-346,Light Belt ,Apparel,Hoodies,ScandiWear,257.38,406.49,2023-10-21,
P-00041,AC-393,CLASSIC HAT,Accessories,Bags,ScandiWear,345.71,585.94,2023-01-01,2024-03-30
P-00042,AP-610,Urban socks,Apparel,Jackets,NordicStyle,374.31,392.53,2023-03-17,
P-00043,AP-870,CITY TEE,Apparel,Hoodies,NordicFoot,111.04,193.08,2023-08-15,
P-00044,FO-445,PRO TEE,Footwear,Boots,NordicFoot,407.73,662.56,2023-10-08,
P-00045,AC-810,City Runner ,Accessories,Socks,NordicFoot,49.43,207.66,2023-08-18,
P-00046,FO-650,Warm Hat ,Footwear,Hats,NordicStyle,279.0,319.24,2023-01-06,
P-00047,FO-514,Urban jacket,Footwear,Boots,NordicFoot,133.84,245.19,2023-01-29,
P-00048,AP-243,Pro Bag,Apparel,Pants,ScandiWear,180.76,397.49,2023-05-10,
P-00049,FO-980,Light Belt,Footwear,Boots,ScandiWear,245.02,551.88,2022-10-30,
P-00050,AP-552,Classic hoodie,Apparel,Jackets,ScandiWear,184.31,309.61,2023-01-18,
P-00051,FO-332,Classic Hat ,Footwear,Sandals,ArcticGear,248.59,492.41,2022-09-09,
P-00052,AP-503,Pro Hat,Apparel,Hoodies,ScandiWear,362.93,408.87,2023-01-09,
P-00053,AC-727,LIGHT BAG,Accessories,Bags,ScandiWear,247.55,439.12,2023-10-13,
P-00054,FO-211,Urban jacket,Footwear,Sandals,ArcticGear,244.89,496.58,2023-04-15,
P-00055,AC-995,City bag,Accessories,Belts,NordicStyle,252.24,316.52,2023-08-15,
P-00056,FO-819,Warm belt,Footwear,Boots,NordicFoot,204.27,286.42,2023-02-10,
P-00057,AC-603,LIGHT HOODIE,Accessories,Belts,,219.47,323.47,2023-07-01,
P-00058,FO-739,Light Bag ,Footwear,Sneakers,NordicFoot,325.97,525.5,2023-10-06,
P-00059,AP-569,City hoodie,Apparel,Pants,,124.56,292.06,2023-09-06,
P-00060,AP-329,Trail Hat ,Apparel,Pants,NordicStyle,122.15,174.25,2022-10-08,
P-00061,AP-126,Urban Socks,Apparel,Hoodies,NordicStyle,316.65,437.9,2023-06-10,
P-00062,FO-978,Light belt,Footwear,Boots,,221.43,545.85,2023-06-11,
P-00063,FO-915,Trail runner,Footwear,Sandals,NordicFoot,65.3,211.16,2023-07-14,
P-00064,AC-257,LIGHT JACKET,Accessories,Socks,ScandiWear,102.2,310.1,2023-04-08,
P-00065,AP-706,City Hoodie ,Apparel,Jackets,ArcticGear,206.35,445.19,2023-02-28,
P-00066,AC-355,Classic hat,Accessories,Belts,ArcticGear,126.85,158.63,2023-02-08,
P-00067,FO-665,Trail tee,Footwear,Boots,ScandiWear,30.0,147.84,2023-04-11,
P-00068,FO-725,City jacket,Footwear,Boots,ArcticGear,289.31,650.86,2023-06-07,
P-00069,FO-884,Light Hat ,Footwear,Sandals,NordicFoot,226.4,239.24,2023-09-21,
P-00070,AC-858,City Tee,Accessories,Socks,NordicFoot,269.48,632.95,2023-02-17,
P-00071,FO-624,Trail Belt ,Footwear,Boots,ScandiWear,49.34,138.08,2023-10-13,
P-00072,FO-753,Pro hoodie,Footwear,Boots,,89.84,299.24,2023-05-22,2025-01-10
P-00073,AP-453,Urban Hoodie,Apparel,Jackets,NordicFoot,185.32,426.4,2022-12-01,
P-00074,AP-150,Urban runner,Apparel,Hoodies,,238.15,285.44,2023-08-08,
P-00075,AP-249,Warm Belt ,Apparel,Jackets,NordicStyle,474.61,548.68,2023-01-03,
P-00076,AP-781,CITY TEE,Apparel,T-Shirts,ArcticGear,174.4,334.02,2023-02-27,
P-00077,FO-712,Classic Jacket,Footwear,Sneakers,ScandiWear,168.09,448.76,2023-11-18,
P-00078,AC-104,WARM TEE,Accessories,Bags,ScandiWear,391.64,557.07,2022-12-17,
P-00079,AP-449,Classic hat,Apparel,Jackets,ScandiWear,353.14,484.99,2023-09-07,
P-00080,AC-755,Light runner,Accessories,Socks,,455.83,681.9,2023-07-05,
P-00081,AC-758,TRAIL HAT,Accessories,Socks,NordicFoot,221.67,424.72,2023-02-05,
P-00082,AP-157,Urban socks,Apparel,Pants,ArcticGear,147.2,399.49,2022-12-01,
P-00083,FO-733,PRO BAG,Footwear,Sneakers,,135.1,484.46,2022-10-28,
P-00084,AC-217,City Jacket,Accessories,Bags,ArcticGear,167.76,239.36,2023-01-04,
P-00085,FO-996,Light socks,Footwear,Sneakers,NordicStyle,323.99,625.96,2023-09-08,
P-00086,AP-175,LIGHT JACKET,Apparel,Pants,ScandiWear,453.44,727.34,2023-05-05,
P-00087,FO-796,TRAIL BELT,Footwear,Boots,ScandiWear,89.81,267.29,2022-11-25,
P-00088,FO-193,LIGHT JACKET,Footwear,Sneakers,,145.2,263.59,2022-10-17,
P-00089,AC-317,LIGHT SOCKS,Accessories,Belts,,268.82,511.78,2023-03-23,
P-00090,AC-388,WARM JACKET,Accessories,Bags,NordicFoot,296.9,518.89,2022-12-09,
P-00091,FO-621,Pro Tee,Footwear,Belts,NordicFoot,452.44,542.63,2023-05-08,
P-00092,AC-615,CLASSIC TEE,Accessories,Socks,ArcticGear,220.2,460.91,2023-07-22,
P-00093,FO-596,Pro Socks,Footwear,Sneakers,ArcticGear,282.45,450.23,2023-05-16,
P-00094,FO-763,Light Tee ,Footwear,Sandals,,257.85,519.0,2023-08-06,
P-00095,FO-790,Classic Hat ,Footwear,Sneakers,ArcticGear,302.4,669.47,2022-10-03,
P-00096,FO-516,WARM HAT,Footwear,Boots,NordicStyle,269.09,555.44,2022-11-04,
P-00097,AC-496,Warm Jacket ,Accessories,Bags,NordicStyle,94.06,315.02,2023-06-12,
P-00098,AP-598,Urban tee,Apparel,T-Shirts,,160.05,162.14,2023-05-11,
P-00099,FO-875,Pro bag,Footwear,Sneakers,NordicFoot,50.19,334.22,2022-11-29,
P-00100,FO-214,City jacket,Footwear,Sandals,NordicFoot,391.04,423.3,2023-10-23,
P-00101,AC-512,Warm Runner,Accessories,Hats,ScandiWear,151.55,258.89,2022-12-23,2023-09-23
P-00102,AC-775,Trail hoodie,Accessories,Hats,ArcticGear,210.09,299.38,2023-05-07,
P-00103,FO-838,Trail Hoodie,Footwear,Boots,ScandiWear,280.69,345.47,2023-03-11,
P-00104,AC-763,URBAN TEE,Accessories,Bags,NordicFoot,217.7,381.78,2022-12-05,
P-00105,FO-468,Pro runner,Footwear,Boots,ArcticGear,239.85,518.37,2023-05-26,
P-00106,AP-972,Pro Belt,Apparel,Pants,ScandiWear,345.88,598.82,2023-08-21,
P-00107,FO-979,Light Hat,Footwear,Boots,ScandiWear,289.61,410.11,2022-11-23,
P-00108,FO-276,Warm tee,Footwear,Boots,NordicFoot,50.05,98.92,2022-09-19,
P-00109,AC-817,Light Socks,Accessories,Socks,,174.76,442.84,2023-06-11,
P-00110,AP-984,Light Socks,Apparel,Pants,,197.98,590.95,2023-09-02,2024-08-10
P-00111,AP-990,City tee,Apparel,Jackets,NordicStyle,242.21,295.64,2023-11-10,
P-00112,FO-141,Warm runner,Footwear,Sandals,ScandiWear,182.32,362.24,2023-02-28,
P-00113,AC-687,Warm socks,Accessories,Socks,,419.5,618.05,2023-04-27,
P-00114,AP-352,WARM HOODIE,Apparel,Hoodies,ArcticGear,317.79,527.32,2023-10-06,
P-00115,FO-269,PRO TEE,Footwear,Sandals,,191.57,483.59,2023-02-15,
P-00116,AC-616,Warm runner,Accessories,Socks,ScandiWear,317.48,439.44,2023-03-13,
P-00117,FO-595,TRAIL SOCKS,Footwear,Sandals,NordicFoot,46.02,205.5,2023-01-14,
P-00118,AC-231,Classic belt,Accessories,Socks,ArcticGear,251.89,379.42,2023-06-28,
P-00119,FO-544,Urban Socks,Footwear,Sandals,,365.92,401.39,2023-06-02,
P-00120,FO-957,Classic Socks,Footwear,Boots,ArcticGear,382.61,427.07,2023-03-21,
P-00121,AC-752,TRAIL BAG,Accessories,Bags,ArcticGear,140.32,215.41,2023-02-20,
P-00122,AC-575,WARM HAT,Accessories,Hats,ArcticGear,378.81,458.6,2023-01-26,
P-00123,AC-100,Light Bag ,Accessories,Hoodies,ArcticGear,291.23,505.55,2023-10-28,
P-00124,AP-607,TRAIL RUNNER,Apparel,T-Shirts,NordicStyle,98.54,339.93,2023-03-10,
P-00125,FO-216,Pro belt,Footwear,Boots,,295.92,397.77,2023-10-27,
P-00126,FO-863,Urban Runner,Footwear,Sneakers,ArcticGear,227.66,495.68,2023-03-22,
P-00127,AC-540,City Runner ,Accessories,Socks,ScandiWear,230.74,287.98,2022-09-20,
P-00128,FO-242,WARM SOCKS,Footwear,Sneakers,NordicFoot,470.33,669.08,2022-09-14,
P-00129,AP-358,City bag,Apparel,Jackets,ArcticGear,456.85,514.77,2023-09-09,
P-00130,FO-472,Warm Socks,Footwear,Boots,,207.8,474.96,2023-02-03,
P-00131,FO-747,Pro tee,Footwear,Sandals,,127.63,205.7,2022-11-29,
P-00132,AC-968,CITY SOCKS,Accessories,Bags,NordicFoot,333.59,400.81,2023-04-08,
P-00133,AC-823,LIGHT JACKET,Accessories,Belts,NordicFoot,257.59,632.73,2023-10-22,
P-00134,AC-657,Pro Socks,Accessories,Bags,NordicFoot,53.4,284.96,2023-10-02,
P-00135,AP-549,Light Hat ,Apparel,Jackets,,405.32,462.96,2023-10-14,
P-00136,FO-473,WARM RUNNER,Footwear,Boots,ArcticGear,84.51,257.26,2023-06-16,
P-00137,FO-316,Warm hoodie,Footwear,Boots,NordicFoot,252.5,270.82,2022-11-02,
P-00138,AP-610,Warm Belt,Apparel,Pants,NordicStyle,207.4,505.94,2022-12-08,
P-00139,FO-575,Pro bag,Footwear,Boots,ScandiWear,208.05,351.39,2022-09-06,
P-00140,AP-776,Classic Belt ,Apparel,Pants,ArcticGear,220.58,376.22,2022-10-23,
P-00141,AC-177,Classic Runner,Accessories,Socks,ScandiWear,149.13,461.85,2022-11-24,
P-00142,FO-816,City runner,Footwear,Sneakers,,147.78,204.29,2023-02-20,
P-00143,FO-133,Urban Hat,Footwear,Sandals,,256.65,375.7,2023-06-15,
P-00144,FO-349,Classic Belt ,Footwear,Boots,NordicFoot,128.93,242.47,2023-02-01,
P-00145,FO-405,Pro Belt,Footwear,Sandals,NordicFoot,390.63,554.51,2023-09-14,
P-00146,AP-862,Classic Jacket,Apparel,Pants,ScandiWear,238.7,527.09,2023-09-24,2024-11-18
P-00147,AP-306,Classic Jacket ,Apparel,Hoodies,NordicFoot,107.76,225.47,2023-06-30,
P-00148,FO-534,Classic Bag ,Footwear,Sandals,,285.31,580.85,2022-11-14,
P-00149,FO-405,Light Tee ,Footwear,Sneakers,NordicFoot,245.68,492.0,2023-04-14,2024-08-19
P-00150,AC-534,Pro Tee ,Accessories,Belts,,30.0,353.32,2023-08-13,
P-00151,AP-580,Trail Belt,Apparel,Pants,NordicFoot,190.37,426.48,2023-02-13,
P-00152,AC-205,Trail Tee,Accessories,Hats,ArcticGear,166.46,476.59,2023-05-05,
P-00153,FO-645,Light Socks,Footwear,Boots,ScandiWear,32.63,175.96,2022-11-08,
P-00154,AC-846,Pro belt,Accessories,Belts,,52.45,347.16,2023-01-04,
P-00155,FO-860,Trail Hoodie,Footwear,Sandals,,30.0,289.75,2022-12-20,
P-00156,AC-473,Trail jacket,Accessories,Socks,ArcticGear,477.62,495.4,2023-12-03,
P-00157,FO-795,PRO HAT,Footwear,Sneakers,ScandiWear,120.11,337.43,2023-09-23,
P-00158,AP-192,Classic Hoodie,Apparel,Pants,NordicStyle,329.68,451.44,2023-02-02,
P-00159,AC-502,CITY TEE,Accessories,Belts,ArcticGear,228.37,420.73,2022-10-21,
P-00160,FO-928,WARM TEE,Footwear,Boots,ScandiWear,164.64,440.08,2023-02-17,
P-00161,AP-332,Urban Socks ,Apparel,Hoodies,ScandiWear,225.59,316.95,2023-01-11,
P-00162,AC-177,City jacket,Accessories,Hats,,306.46,422.0,2023-11-07,
P-00163,AC-348,City Bag,Accessories,Bags,ScandiWear,85.97,96.73,2023-06-09,
P-00164,FO-449,Warm runner,Footwear,Sneakers,NordicStyle,436.07,562.4,2022-10-26,
P-00165,AP-125,Trail hat,Apparel,Hoodies,ScandiWear,178.3,201.15,2023-08-03,
P-00166,FO-738,City Hoodie,Footwear,Sandals,,239.59,393.87,2023-06-30,
P-00167,AP-177,Trail hat,Apparel,Jackets,ArcticGear,216.13,372.92,2022-09-28,
P-00168,FO-798,Classic belt,Footwear,Sandals,,400.95,521.07,2022-09-14,
P-00169,FO-849,Classic jacket,Footwear,Boots,NordicStyle,313.65,345.1,2022-12-20,
P-00170,AP-114,WARM RUNNER,Apparel,Hoodies,NordicStyle,180.6,438.82,2023-09-06,
P-00171,AP-813,Urban runner,Apparel,Pants,NordicFoot,252.3,343.65,2022-09-28,
P-00172,AC-573,Classic Hat,Accessories,Hats,ArcticGear,350.86,527.66,2022-11-25,
P-00173,AP-311,City hat,Apparel,Pants,ArcticGear,48.34,223.14,2022-09-13,
P-00174,AP-208,WARM SOCKS,Apparel,Hoodies,NordicStyle,30.0,133.08,2023-04-21,
P-00175,AP-722,City hoodie,Apparel,Pants,ScandiWear,503.07,578.19,2022-10-04,
P-00176,AP-653,Classic Hoodie ,Apparel,Hoodies,ScandiWear,171.54,511.38,2022-11-22,
P-00177,FO-419,Warm Runner ,Footwear,Sandals,ScandiWear,123.68,139.62,2023-06-09,
P-00178,AP-840,Warm Hoodie ,Apparel,Hoodies,ArcticGear,30.0,292.95,2023-08-31,
P-00179,FO-615,TRAIL BELT,Footwear,Sandals,NordicStyle,152.12,153.18,2022-12-21,
P-00180,FO-745,Warm Bag,Footwear,Boots,NordicStyle,307.72,475.14,2023-08-01,
P-00181,FO-673,CLASSIC BELT,Footwear,Sneakers,NordicStyle,219.03,423.2,2023-11-09,
P-00182,AC-125,Trail tee,Accessories,Socks,,230.93,471.1,2023-09-27,
P-00183,AC-509,City Runner,Accessories,Socks,ScandiWear,322.63,381.22,2023-07-23,
P-00184,AC-631,Classic jacket,Accessories,Belts,,136.04,202.63,2023-04-13,
P-00185,AC-753,Pro bag,Accessories,Hats,ScandiWear,169.55,282.74,2022-11-29,
P-00186,AC-610,Classic Belt,Accessories,Hats,ArcticGear,290.25,339.63,2023-01-17,
P-00187,FO-789,CITY RUNNER,Footwear,Sandals,NordicFoot,526.22,569.54,2023-02-08,
P-00188,FO-271,Light Hat ,Footwear,Sandals,NordicStyle,447.37,530.76,2023-01-16,
P-00189,FO-420,Warm Belt ,Footwear,Sandals,,288.93,317.42,2022-11-23,
P-00190,AP-518,City Belt,Apparel,Pants,NordicFoot,212.12,239.26,2022-10-08,
P-00191,AP-335,Urban Jacket ,Apparel,Pants,ScandiWear,283.48,409.11,2023-07-15,
P-00192,AP-236,Light Belt ,Apparel,T-Shirts,NordicFoot,295.24,427.9,2023-12-03,
P-00193,AP-395,Light Socks,Apparel,Hoodies,NordicFoot,164.08,165.06,2022-09-01,
P-00194,FO-369,Warm Socks ,Footwear,Sandals,ScandiWear,283.72,493.4,2023-04-17,
P-00195,FO-104,Pro socks,Footwear,Sneakers,ArcticGear,276.77,483.83,2023-02-12,
P-00196,AC-231,Warm Jacket ,Accessories,Belts,NordicStyle,291.87,296.8,2022-11-01,
P-00197,AC-395,City Hoodie,Accessories,Hats,NordicFoot,310.23,365.1,2023-10-07,
P-00198,FO-790,Urban Hat,Footwear,Sandals,NordicFoot,414.96,517.16,2023-06-15,
P-00199,FO-242,Trail tee,Footwear,Sneakers,NordicFoot,297.87,712.88,2022-11-02,
P-00200,FO-920,URBAN TEE,Footwear,Boots,ScandiWear,30.0,299.63,2023-11-24,
P-00201,AP-297,Warm Socks ,Apparel,Jackets,ArcticGear,245.92,488.42,2023-11-09,
P-00202,FO-653,Classic Bag ,Footwear,Sneakers,,238.17,456.44,2023-11-30,
P-00203,AC-388,Classic Bag ,Accessories,Socks,NordicStyle,257.23,357.4,2023-02-04,
P-00204,AP-256,Classic hoodie,Apparel,Pants,NordicStyle,326.25,486.1,2023-10-25,
P-00205,AC-388,LIGHT RUNNER,Accessories,Belts,,169.47,217.49,2023-10-16,
P-00206,FO-616,URBAN HOODIE,Footwear,Boots,,227.87,320.55,2022-09-10,
P-00207,AC-258,Trail Socks,Accessories,Bags,ScandiWear,181.77,431.27,2023-06-21,
P-00208,FO-795,WARM HOODIE,Footwear,Boots,NordicStyle,134.26,247.84,2023-11-10,
P-00209,AC-146,URBAN TEE,Accessories,Hats,NordicFoot,569.19,741.06,2023-02-04,
P-00210,AC-194,Light Runner ,Accessories,Socks,ArcticGear,375.57,468.74,2023-10-16,
P-00211,AP-910,Warm Jacket,Apparel,T-Shirts,ScandiWear,366.35,756.27,2023-06-09,
P-00212,AC-941,Pro Tee ,Accessories,Socks,NordicStyle,350.02,543.0,2023-05-12,
P-00213,AC-914,Warm belt,Accessories,Bags,ArcticGear,90.44,158.81,2022-09-23,
P-00214,FO-240,TRAIL SOCKS,Footwear,Sneakers,,309.51,339.65,2023-04-06,
P-00215,FO-559,Trail hoodie,Footwear,Sandals,NordicFoot,315.46,353.08,2023-02-18,
P-00216,AC-477,CLASSIC BELT,Accessories,Bags,,352.55,583.24,2023-06-14,
P-00217,AC-281,Pro Socks,Accessories,Socks,ScandiWear,150.98,241.53,2023-10-25,
P-00218,AC-666,Light Tee,Accessories,Hats,ArcticGear,167.92,432.15,2023-11-12,
P-00219,FO-408,Light Runner,Footwear,Sandals,,279.15,292.2,2023-11-05,
P-00220,AC-765,Urban Hoodie ,Accessories,Bags,ScandiWear,337.81,417.87,2022-12-26,
P-00221,FO-701,Classic runner,Footwear,Sandals,ScandiWear,108.67,157.25,2022-09-25,
P-00222,FO-574,Urban belt,Footwear,Sandals,ScandiWear,194.71,420.09,2023-03-29,
P-00223,AP-975,Light runner,Apparel,T-Shirts,,183.06,533.34,2023-11-01,
P-00224,AP-279,Light Socks ,Apparel,Jackets,ScandiWear,199.0,386.56,2022-09-25,
P-00225,AC-384,Urban Hoodie ,Accessories,Socks,ArcticGear,308.49,439.62,2023-02-24,
P-00226,AP-981,CLASSIC BELT,Apparel,Pants,,423.39,708.58,2023-02-03,
P-00227,AC-460,Warm Runner ,Accessories,Hats,,108.11,320.11,2022-11-23,
P-00228,AP-800,Warm Runner ,Apparel,Hoodies,NordicStyle,190.42,207.64,2022-11-02,
P-00229,FO-240,Trail Runner,Footwear,Boots,ArcticGear,156.39,197.12,2023-04-12,
P-00230,AC-822,Warm Hat,Accessories,Socks,ScandiWear,70.1,149.45,2023-11-14,
P-00231,AC-528,Light Belt ,Accessories,Socks,,170.72,275.61,2023-07-02,
P-00232,AC-117,Trail Tee,Accessories,Belts,ScandiWear,339.47,442.12,2022-09-19,
P-00233,AP-601,Pro Bag,Apparel,Hoodies,,334.4,364.33,2023-03-13,
P-00234,FO-930,City Hoodie ,Footwear,Boots,,30.0,31.12,2023-02-13,
P-00235,AP-970,Warm Tee,Apparel,Jackets,,187.15,251.25,2022-10-25,
P-00236,FO-261,Trail tee,Footwear,Sandals,,128.85,389.45,2023-09-01,
P-00237,FO-277,Trail jacket,Footwear,Boots,NordicStyle,180.19,321.84,2023-06-15,
P-00238,AC-858,Trail socks,Accessories,Socks,,191.75,464.66,2023-07-10,
P-00239,AP-427,Light belt,Apparel,Jackets,ScandiWear,135.24,210.36,2023-05-13,
P-00240,AC-150,Urban Socks,Accessories,Hats,NordicFoot,230.86,365.22,2022-11-06,
P-00241,AP-902,Trail Hat ,Apparel,Jackets,NordicFoot,85.57,321.13,2023-10-23,
P-00242,FO-913,Pro Jacket ,Footwear,Sandals,,309.53,346.68,2022-12-29,
P-00243,FO-281,Trail Tee,Footwear,Boots,,180.29,469.41,2023-02-12,
P-00244,FO-429,City Belt,Footwear,Sneakers,ArcticGear,147.7,185.22,2023-11-06,2024-05-30
P-00245,AC-996,Pro Tee,Accessories,Socks,ScandiWear,36.32,398.08,2022-09-02,
P-00246,AC-806,Pro tee,Accessories,Socks,,162.5,438.38,2023-04-22,2024-11-27
P-00247,AP-904,Classic hat,Apparel,Jackets,ScandiWear,48.77,271.49,2023-05-19,
P-00248,AC-152,Urban hoodie,Accessories,Bags,ScandiWear,357.14,467.53,2023-04-14,
P-00249,AC-379,Urban Hat,Accessories,Belts,NordicFoot,243.21,381.6,2023-08-08,2025-02-21
P-00250,AC-826,City Socks ,Accessories,Socks,,238.31,271.19,2022-10-29,
P-00251,AP-308,URBAN HAT,Apparel,Jackets,,183.07,494.6,2022-12-24,
P-00252,AC-380,TRAIL TEE,Accessories,Hats,NordicStyle,253.86,309.08,2023-04-25,
P-00253,FO-593,Warm tee,Footwear,Sandals,,151.49,251.31,2023-04-23,
P-00254,AC-709,City Socks ,Accessories,Bags,,222.03,413.74,2022-12-18,
P-00255,FO-776,Urban Tee,Footwear,Sandals,ArcticGear,40.74,256.96,2022-09-17,
P-00256,FO-728,Light jacket,Footwear,Boots,,333.21,539.92,2022-11-26,
P-00257,FO-554,Light Tee ,Footwear,Sandals,,398.26,736.72,2023-07-06,
P-00258,FO-733,CITY HAT,Footwear,Boots,ArcticGear,350.48,531.34,2023-03-09,
P-00259,AC-462,Light bag,Accessories,Hats,NordicFoot,30.0,61.25,2023-07-07,
P-00260,FO-212,Pro Bag ,Footwear,Sneakers,ArcticGear,195.25,490.16,2023-02-11,
P-00261,FO-197,WARM BAG,Footwear,Sandals,,302.28,632.4,2023-07-07,
P-00262,FO-168,Warm Belt ,Footwear,Boots,ScandiWear,277.19,412.99,2023-10-11,
P-00263,AC-247,Light bag,Accessories,Socks,,30.0,165.13,2023-04-27,
P-00264,FO-606,Pro Runner,Footwear,Sandals,,251.19,367.52,2023-08-03,
P-00265,AP-549,Light Jacket,Apparel,Hoodies,ScandiWear,34.15,302.6,2023-02-01,
P-00266,AC-715,Classic runner,Accessories,Belts,ArcticGear,216.15,578.65,2023-11-01,
P-00267,FO-597,Pro Bag,Footwear,Boots,NordicStyle,48.63,150.58,2023-01-09,
P-00268,AC-965,Urban Hat ,Accessories,Bags,NordicStyle,289.56,556.27,2022-12-11,
P-00269,FO-116,Light Bag,Footwear,Sneakers,,186.14,257.07,2023-11-17,2025-04-04
P-00270,AC-111,Pro socks,Accessories,Hats,NordicFoot,211.81,436.29,2023-06-30,
P-00271,AC-760,WARM HOODIE,Accessories,Belts,ArcticGear,337.1,501.45,2023-05-22,
P-00272,AC-299,CLASSIC BELT,Accessories,Belts,NordicFoot,308.53,570.16,2023-03-17,
P-00273,AP-670,WARM HAT,Apparel,Pants,NordicStyle,212.28,261.6,2023-01-21,
P-00274,AP-434,Pro Jacket,Apparel,Pants,NordicFoot,310.03,476.09,2023-05-28,
P-00275,FO-939,PRO TEE,Footwear,Boots,NordicFoot,101.08,377.46,2023-02-23,
P-00276,AP-501,Pro runner,Apparel,Pants,ScandiWear,344.2,484.55,2023-10-28,
P-00277,AC-258,Pro Jacket ,Accessories,Hats,ArcticGear,461.02,651.83,2022-09-14,
P-00278,AP-197,Trail Socks ,Apparel,Jackets,,319.25,410.68,2023-06-28,
P-00279,AP-463,Classic Hoodie,Apparel,Jackets,,228.76,500.36,2023-03-02,
P-00280,AP-448,Urban belt,Apparel,Hoodies,NordicFoot,366.72,554.86,2022-09-04,
P-00281,AC-115,City Socks,Accessories,Bags,,355.32,605.65,2023-02-08,
P-00282,FO-410,CITY SOCKS,Footwear,Sneakers,ArcticGear,331.12,457.57,2023-11-24,
P-00283,FO-858,Urban Hoodie,Footwear,Sandals,NordicStyle,248.18,395.79,2023-05-09,
P-00284,AC-838,TRAIL TEE,Accessories,Bags,NordicFoot,171.86,179.5,2022-12-05,
P-00285,AC-539,Pro hat,Accessories,Socks,ArcticGear,217.33,300.7,2023-05-30,
P-00286,FO-458,WARM RUNNER,Footwear,Sandals,,145.45,178.0,2023-10-19,
P-00287,FO-102,Urban Tee,Footwear,Sandals,ArcticGear,411.15,581.37,2023-02-24,
P-00288,AC-245,City Hat ,Accessories,Socks,ScandiWear,30.0,144.03,2023-07-21,
P-00289,AP-239,Classic Hat,Apparel,T-Shirts,NordicStyle,30.0,35.11,2023-08-10,
P-00290,AP-539,City Tee ,Apparel,Pants,ArcticGear,281.94,315.84,2023-06-22,
P-00291,FO-944,Warm Tee ,Footwear,Sneakers,ScandiWear,246.78,508.15,2022-11-01,
P-00292,AP-674,City Belt ,Apparel,Jackets,NordicFoot,203.59,274.46,2023-08-15,
P-00293,AC-429,Pro Bag,Accessories,Socks,,288.0,377.56,2023-09-01,
P-00294,AC-852,City Socks,Accessories,Socks,ArcticGear,205.9,295.76,2023-10-30,
P-00295,AC-788,TRAIL RUNNER,Accessories,Socks,,276.68,569.98,2023-04-03,
P-00296,FO-672,Pro runner,Footwear,Sneakers,,495.19,701.54,2023-04-29,
P-00297,FO-161,City runner,Footwear,Sandals,NordicFoot,231.95,287.0,2023-08-04,
P-00298,FO-188,Warm Belt,Footwear,Boots,NordicFoot,465.92,536.01,2023-09-16,
P-00299,AP-366,Warm Hoodie ,Apparel,T-Shirts,,390.23,755.74,2022-12-07,
P-00300,AC-748,TRAIL JACKET,Accessories,Belts,NordicStyle,180.12,400.18,2022-09-29,
P-00301,AP-360,Light Socks ,Apparel,T-Shirts,NordicFoot,212.41,339.9,2022-09-25,
P-00302,FO-137,Pro bag,Footwear,Sandals,ScandiWear,120.34,387.32,2023-01-02,
P-00303,FO-553,Trail Socks,Footwear,Sandals,ArcticGear,317.25,353.17,2022-11-29,
P-00304,FO-667,Pro Hat,Footwear,Boots,NordicFoot,319.82,474.13,2023-07-20,
P-00305,AC-388,CITY HAT,Accessories,Hats,ScandiWear,279.91,671.94,2023-04-25,
P-00306,AP-191,TRAIL BELT,Apparel,Hoodies,ArcticGear,246.4,433.07,2023-02-15,
P-00307,AC-792,TRAIL RUNNER,Accessories,Socks,,310.25,521.12,2023-08-11,
P-00308,FO-799,Light Tee,Footwear,Sandals,NordicStyle,330.94,664.74,2023-10-27,
P-00309,AC-536,Trail Runner ,Accessories,Bags,NordicFoot,201.62,369.23,2023-08-29,
P-00310,AP-357,Pro tee,Apparel,Pants,NordicStyle,144.15,353.54,2023-08-22,
P-00311,AP-323,CLASSIC TEE,Apparel,Pants,ScandiWear,223.16,526.57,2023-06-22,
P-00312,AP-116,Warm Runner,Apparel,Pants,,192.69,271.3,2023-04-21,
P-00313,AP-955,WARM BELT,Apparel,Jackets,NordicStyle,188.86,233.02,2023-11-22,
P-00314,FO-554,City Jacket ,Footwear,Boots,NordicStyle,195.67,368.44,2023-10-19,
P-00315,AC-511,Classic hat,Accessories,Bags,ArcticGear,279.18,434.93,2023-07-16,
P-00316,AP-295,Classic socks,Apparel,Hoodies,ScandiWear,286.87,459.26,2023-06-05,
P-00317,AC-830,City Tee ,Accessories,Bags,,277.05,352.09,2023-07-21,
P-00318,FO-985,Light Bag,Footwear,Sneakers,ScandiWear,273.95,351.5,2023-10-06,
P-00319,AP-405,Warm Hat,Apparel,Hoodies,,351.46,384.24,2023-03-29,
P-00320,AP-480,Light belt,Apparel,Pants,NordicFoot,442.24,503.46,2023-11-10,
P-00321,AC-745,Classic hoodie,Accessories,Hats,NordicStyle,150.8,280.57,2022-10-03,
P-00322,FO-637,CITY HAT,Footwear,Sandals,ScandiWear,345.03,440.19,2023-12-03,2024-08-16
P-00323,FO-198,City hat,Footwear,Boots,,207.57,210.58,2022-09-04,
P-00324,AC-896,Warm Jacket,Accessories,Hats,NordicFoot,84.71,213.38,2023-09-10,
P-00325,FO-786,URBAN HAT,Footwear,Sandals,NordicStyle,107.66,342.66,2023-01-08,
P-00326,AP-806,Pro Bag,Apparel,Pants,NordicFoot,343.4,650.67,2022-09-27,
P-00327,FO-873,City Hat,Footwear,Sandals,ScandiWear,291.52,429.62,2023-08-23,2024-06-01
P-00328,AC-669,Warm Hat,Accessories,Hats,ArcticGear,182.19,518.1,2023-05-15,
P-00329,AP-262,City runner,Apparel,Hoodies,ScandiWear,193.46,385.71,2023-11-19,
P-00330,FO-885,Classic runner,Footwear,Sneakers,ScandiWear,228.16,350.63,2022-09-12,
P-00331,FO-159,Pro jacket,Footwear,Boots,NordicFoot,210.96,495.04,2022-11-11,
P-00332,FO-619,CLASSIC HAT,Footwear,Boots,ArcticGear,249.66,372.05,2023-07-06,
P-00333,FO-486,WARM RUNNER,Footwear,Boots,NordicFoot,282.67,486.4,2023-03-18,
P-00334,FO-927,Pro bag,Footwear,Boots,NordicFoot,148.5,410.97,2022-09-24,
P-00335,FO-839,Pro Hoodie ,Footwear,Boots,,400.19,730.31,2023-08-06,
P-00336,AP-930,Light Socks ,Apparel,T-Shirts,ScandiWear,56.46,244.43,2023-11-18,
P-00337,AC-443,Light Socks ,Accessories,Socks,NordicFoot,74.09,362.64,2023-09-21,
P-00338,FO-171,Trail Hat,Footwear,Sandals,,252.61,397.71,2023-03-28,
P-00339,FO-465,City Hat,Footwear,Sandals,ScandiWear,435.91,539.7,2023-08-04,
P-00340,AC-524,CLASSIC JACKET,Accessories,Bags,,353.67,592.72,2022-12-11,
P-00341,AP-652,Warm belt,Apparel,Pants,NordicStyle,217.34,298.82,2022-11-27,
P-00342,FO-191,City jacket,Footwear,Sandals,ArcticGear,219.6,230.6,2022-11-25,
P-00343,AC-341,Pro tee,Accessories,Belts,ArcticGear,277.74,641.54,2023-10-21,
P-00344,AP-844,PRO BAG,Apparel,Hoodies,NordicFoot,242.92,337.93,2023-06-16,
P-00345,AC-765,Classic socks,Accessories,Socks,ScandiWear,190.39,330.05,2022-12-25,
P-00346,AP-189,Classic Belt,Apparel,T-Shirts,NordicFoot,109.82,226.09,2023-08-25,
P-00347,AC-986,CITY RUNNER,Accessories,Belts,ArcticGear,328.78,553.58,2022-12-15,
P-00348,AP-108,Urban hat,Apparel,Hoodies,,258.71,424.64,2023-07-14,2024-05-31
P-00349,AP-939,Trail Tee ,Apparel,Pants,NordicStyle,419.32,612.27,2023-05-22,
P-00350,AC-210,Pro Belt ,Accessories,Belts,ScandiWear,318.47,544.69,2023-07-15,
P-00351,AC-121,City hat,Accessories,Hats,ScandiWear,232.6,496.62,2023-07-11,
P-00352,FO-799,Urban Bag,Footwear,Sandals,ScandiWear,448.28,515.58,2023-06-24,
P-00353,AP-186,Urban Belt ,Apparel,T-Shirts,ArcticGear,179.35,353.9,2022-09-12,
P-00354,AC-221,Trail runner,Accessories,Socks,NordicFoot,187.19,596.83,2023-05-01,
P-00355,AC-832,URBAN RUNNER,Accessories,Hats,,181.12,274.32,2023-02-20,
P-00356,AP-911,Trail Runner ,Apparel,T-Shirts,,288.06,573.58,2023-07-04,
P-00357,AC-648,Light socks,Accessories,Socks,ArcticGear,410.03,612.39,2023-01-28,
P-00358,FO-306,CLASSIC JACKET,Footwear,Sandals,NordicFoot,95.94,313.65,2022-10-05,2023-07-24
P-00359,AC-824,City Socks,Accessories,Socks,ScandiWear,191.69,241.92,2023-08-16,
P-00360,AC-904,City tee,Accessories,Hats,ArcticGear,322.62,577.4,2023-10-09,
P-00361,AP-251,Pro tee,Apparel,Hoodies,NordicStyle,85.17,110.89,2022-09-20,
P-00362,FO-519,Warm Jacket ,Footwear,Sneakers,,324.75,828.3,2022-12-14,
P-00363,AC-677,Urban Runner ,Accessories,Socks,NordicStyle,210.89,316.11,2023-04-16,
P-00364,AC-854,CITY RUNNER,Accessories,Hats,ScandiWear,364.86,567.58,2023-06-22,
P-00365,FO-742,Light Hoodie ,Footwear,Sandals,ArcticGear,308.05,479.56,2023-05-26,
P-00366,AP-836,Light Runner ,Apparel,Hoodies,ScandiWear,382.42,698.03,2023-10-04,
P-00367,AP-577,TRAIL RUNNER,Apparel,Pants,ArcticGear,264.18,331.91,2023-04-28,
P-00368,FO-101,TRAIL BAG,Footwear,Sneakers,ArcticGear,159.47,228.88,2023-07-31,
P-00369,FO-417,CLASSIC SOCKS,Footwear,Sandals,,255.62,370.64,2022-10-11,
P-00370,FO-603,Warm jacket,Footwear,Boots,ScandiWear,198.01,246.31,2022-09-14,
P-00371,FO-937,CITY SOCKS,Footwear,Sneakers,NordicStyle,419.29,675.46,2023-04-19,
P-00372,AP-165,Classic Hoodie ,Apparel,Pants,NordicStyle,74.24,353.01,2022-09-28,
P-00373,FO-400,Urban Bag ,Footwear,Sandals,ScandiWear,408.84,743.35,2023-02-11,
P-00374,AP-729,Classic Belt ,Apparel,Jackets,ScandiWear,135.64,194.42,2022-09-10,2023-10-09
P-00375,AC-961,Trail Hoodie,Accessories,Belts,ArcticGear,228.45,232.41,2023-05-24,2024-11-05
P-00376,AP-612,City Socks,Apparel,Hoodies,ScandiWear,202.02,214.6,2023-05-22,2024-05-26
P-00377,AP-220,Light runner,Apparel,Pants,ArcticGear,138.38,144.94,2023-06-11,
P-00378,AP-264,CLASSIC BELT,Apparel,T-Shirts,NordicFoot,39.96,334.64,2023-03-23,
P-00379,FO-255,Light Runner,Footwear,Sneakers,NordicStyle,297.79,564.23,2023-07-09,
P-00380,AC-981,Pro Jacket ,Accessories,Socks,,239.13,519.86,2023-05-09,
P-00381,AC-158,Classic Hoodie ,Accessories,Belts,,83.89,309.4,2023-05-03,
P-00382,AC-111,Pro Runner ,Accessories,Socks,NordicStyle,228.65,318.43,2023-03-25,
P-00383,AP-138,WARM TEE,Apparel,Jackets,,235.33,439.63,2023-03-04,
P-00384,AC-527,Pro Tee ,Accessories,Socks,NordicStyle,329.78,527.33,2023-02-25,
P-00385,AP-912,CITY TEE,Apparel,T-Shirts,NordicFoot,102.79,263.81,2023-01-04,
P-00386,FO-228,Trail Belt ,Footwear,Sandals,NordicStyle,139.4,350.05,2023-08-07,
P-00387,AP-616,Pro Jacket,Apparel,T-Shirts,ArcticGear,140.71,348.78,2023-08-24,
P-00388,AC-637,Trail Hat,Accessories,Socks,,208.69,355.47,2023-01-23,
P-00389,AC-939,Pro Hoodie ,Accessories,Bags,NordicFoot,242.12,518.2,2022-11-15,
P-00390,AC-403,Pro Hat ,Accessories,Bags,NordicStyle,287.98,454.9,2023-01-20,2023-09-29
P-00391,FO-803,CITY TEE,Footwear,Sandals,NordicFoot,135.12,320.72,2023-04-08,
P-00392,AP-856,URBAN SOCKS,Apparel,T-Shirts,ScandiWear,330.57,450.28,2022-11-12,
P-00393,AP-709,Light Hoodie,Apparel,Jackets,ArcticGear,397.51,601.93,2023-07-21,
P-00394,FO-118,Light hoodie,Footwear,Boots,ScandiWear,34.67,72.62,2022-12-11,
P-00395,AP-950,PRO RUNNER,Apparel,Hoodies,,285.71,519.85,2023-06-06,
P-00396,AC-554,Light Tee,Accessories,Belts,NordicStyle,184.85,448.63,2023-07-07,
P-00397,AP-927,Trail Runner ,Apparel,Jackets,NordicStyle,79.42,126.67,2023-10-10,
P-00398,AC-596,Urban Belt ,Accessories,Socks,ScandiWear,463.34,746.78,2023-04-12,
P-00399,FO-966,Pro Hoodie,Footwear,Sandals,,186.67,332.51,2023-05-25,
P-00400,AP-876,TRAIL BAG,Apparel,T-Shirts,,269.62,293.74,2023-11-24,
